selection_ct,n,pct
0,84,0.02078179119247897
1,3003,0.7429490351311232
2,786,0.19445818901533893
3,150,0.03711034141514102
4,17,0.004205838693715982
5,2,4.948045522018803e-4
