selection_ct,n,pct
0,3530,0.8733300346363186
1,361,0.08931222167243939
2,95,0.023503216229589313
3,35,0.008659079663532904
4,14,0.0034636318654131617
5,7,0.0017318159327065809
